<reviews>
<review>
发货，服务还有质量都很好
</review>
<review>
一部近代评书，单老讲得太精彩了，爽啊。
</review>
<review>
真的不错！推荐购买
</review>
<review>
以前在Amazon买过，非常不错，是80年代到90年代初Philips公司录制的，有各国民歌、舞曲、还有国外的的一些宗教音乐。这个引进版除了翻译有几处错误外，质量很高，推荐一下。卓越上的曲目简介好多错字，可以去Amazon看曲目简介。http://www.amazon.com/gp/product/B00000HY8N/ref=dp_return_1/104-5755905-8115903?ie=UTF8&n=5174&s=music
</review>
<review>
包装很好，收藏用不错
要是出DVD就更好了
</review>
<review>
列宁格勒爱乐乐团的铜管乐在世界上无其右者,太强了!
</review>
<review>
深邃的旋律加上J.S.Bach富有感情的演奏,真是值得！
而且我覺得服務也很快，很滿意！
</review>
<review>
从NO1《世界是噪音的花园》开始！我跟随声音碎片走过了一段难忘的听觉之旅！推荐购买！
</review>
<review>
多听几遍，慢慢就品出味道了
</review>
<review>
还原了历史的真实，颠覆了以往抗战电影的老模式，绝对的好电影。必须要看一遍。
和《阳光灿烂的日子》一样，都是绝好的电影，姜文是我最喜欢的导演之一。
</review>
<review>
不用多说，这才是我们真正需要的音乐，让那些不知所云的流行都滚吧～～
</review>
<review>
初识奶茶，是因为一首叫做“后来”的歌，歌中的隐痛让人感动。喜欢上她，是因为一部分叫做《人间四月天》的片子，让人心痛，让人折服。于是从不落下她的每一首歌，每一部片子。这本演唱会记录着多少单身女人的心路历程啊，何只是奶茶呢！！
</review>
<review>
首先说，不好意思我的这套盘不是我自己买的，是朋友的小朋友长大了传给我家的小朋友的，真是太好了。我在我家小朋友三岁后开始给他看，坚持每星期反复看一张盘，全部看完后再随他兴趣反复看，不到三岁半时，准确说只有三四个月，他就记住了几百字，学校发回来的教材都能念个七七八八。重要的是偏旁部首的基础根深蒂固，即便不认识的字，他也能从偏旁部首的思路上去识别，这是我们单纯教认字所难达到的。
而且，同时掌握了一些常识。也就是这套盘让我明确认识到，只要把好关，找到好的教材，小朋友教育真是可以达到事半功倍的效果。
</review>
<review>
非常好!全部是童声,音乐也很不错,推荐购买!非常有趣!
</review>
<review>
不常见的版本,值得收，
</review>
<review>
值得一看
</review>
<review>
每每按下播放键，那轻柔，缠绵，悦耳的声音飘然而至，似从四周每一个角落发出，更似来自远不可及的天边，一缕一缕，萦绕流转于身体，渐渐沁入体魄，我的身心已经陶然于其中了。直到那声音渐杳，我的魂魄才慢慢归回原位，但那舒然的感觉似美酒余香，常留于心间了
</review>
<review>
此版碟很好!要收藏!!!
</review>
<review>
这确实是一款好软件，电脑报啊，大众软件等杂志报刊总介绍，虽然有的图片处理得不好，会有些生硬，但在同类软件中，相片脱口秀已经很不错了。
这个价格也不贵，有这方面需求的朋友可以买来用用啊！
</review>
<review>
本片是对人性内心深刻描写，对真理发出的质疑，没看过的话一定要看啊！
</review>
<review>
邮递速度很快，书的质量也很好，是一本很超值的书！！！
</review>
<review>
很好笑~高桥大妈的高校水平实在很高~
</review>
<review>
新舞器是一个很有实力的团队,我很喜欢你们,他们都有青春活力四射般的阳光男孩气息,给人带来一种很特别,很有创造力的组合,我非常非常喜爱4位大哥哥,他们都有不一般的实力.我爱你们新舞器,支持支持.永远支持爱你们的-------云~~~~~~~
</review>
<review>
我很想要。苏联的老电影还是很不错的！
</review>
<review>
货真价实德DSD,一点底澡都没有...音乐编写都很经典...歌词诗意(第二手,就是徐志摩德)旋律悠扬...
常安还有一张专集:&lt;月亮上德女孩&gt;  希望joyo能入货
</review>
<review>
十分喜欢这个小姑娘，看完了所有的片子，很好很不错。
</review>
<review>
很实用，不带光盘没什么，实用才是硬道理，现在那么多教材都那么贵，虽然带张光盘，内容实在不敢恭维，此书好书，荐！！！！！
</review>
<review>
内容应该很不错
</review>
<review>
极有收藏价值，
</review>
<review>
那一声声“擎天柱大哥”好像就在昨天一样，实际上我已经十多年没有听到这一句台词了。想当年，下课后拼命骑车冲回家，就是为了下午六点开始播放的《变形金刚》。要是不幸被老师留堂，那可伤心的不得了。而且，每当我说自己喜欢《变形金刚》，男同学们就会很惊讶或不屑。但是，我比他们更了解《变形金刚》更热爱擎天柱。我买不起那时的玩具，这并不影响我研究《变形金刚》。多年后，同学聚会上，说起小时候的事，我提起《变形金刚》，他们已经不记得里面的人物。我却依然记得英雄的首领擎天柱大哥，勇敢善良的斯派克，还有傲慢凶狠的威震天、野心勃勃的红蜘蛛……
当时真的搞不清楚何以冷冰冰的机器人会用上“大哥”这个这么亲切的称呼。肯定不是英文原意，应该是上译厂的创意。这个称呼太中国化，本来不应该用在这部美国动画片里。现在回想起来，除了“汽车人，变形！”之外，给我印象最深的就是这一句“擎天柱大哥”了。
擎天柱这个名字本来已经足够顶天立地，这一句“擎天柱大哥”，让这个角色变得那么生动，那么有血有肉。尤其是斯派克这样叫他的时候，充满感情，充满信任。我几乎忘记这是个虚拟角色。
说到这里，就要感谢上译了。我听过英文原音，并没有如此丰富的人文内涵。当然，也许我的英文水平有限，感觉不到原音的优势。但是，我要说，上译赋予了角色更多的感情和人性！中文的表现力万岁！
</review>
<review>
极品！  希望还能引进PAVAROTTI主演的威尔第作品如 弄臣 游吟诗人
</review>
<review>
我很喜欢这个版本~画面清晰~很怀念这个故事丫，很有童年的味道，值得珍藏哦~！
</review>
<review>
碟片质量很好!还有海报哦!
</review>
<review>
我对这套碟子总体评价还是很好，画质很好、很清晰，没有删节，缺点就是：没字幕；价格偏高一点；每张碟子的第一集有片头，最后一集有片尾，中间的几集都没有片头、片尾。
</review>
<review>
无与伦比
</review>
<review>
初看《指环王》其实是在上映很久以后了，一直 都可喜欢里面用风笛的演奏，上网时搜索可也总是搜索不到够全的曲目，现在终于有幸看到，真是太棒啦！！呵呵~~~~~我向到过这里的朋友大力推荐！！力挺呢~~~~~
</review>
<review>
非常不错的背景音乐
</review>
<review>
我是后荣迷，是在今年刚刚喜欢上他的！所以在他去世那段日子推出的他的许多经典作品都错过了收集...像《侬本多情》、《春光乍泄》、《异度空间》、《枪王》、《鼓手》、《家有喜事》、《金枝玉叶1/2》、《为你钟情》、《风月》、《锦绣前程》、《金玉满堂》、《豪门夜宴》、《大三元》、《蓝江传之反飞组风云》、《龙之家族》、《流星雨》、《九星报喜》、《新最佳拍档》、《大富之家》、《夜半歌声》、《龙凤智多星》等等。严重期待中！
</review>
<review>
天语N77手机对于视力不好的人群来说是不错的选择；最大特点：1.字体较大 2.铃声较大 3.屏幕清晰 4.收音机不插耳机也清晰 5.功能实用；操作简便；价格也实惠！6.两块1800MA电池很人性化。我个人觉得很满意！
</review>
<review>
虽然我在卓越网评论中提出的问题从来没有得到过回应，虽然我对卓越又爱又恨终于还是成了VIP，我还是要在这里赞它一句，这张CD真的是超值的好东东， 包装精美，歌词完整、准确（这对于法语爱好者是最重要的），而且是两套歌词（一份歌片，一本书）非常人性化。

内容更是不必说了，都是30年代的老歌，耐听、经典。

喜欢法语的朋友，万不可错过！

Je laime beaucoup!
</review>
<review>
四季很好听，mutter更是要支持！
</review>
<review>
这套剧我两年前就买了，就是这个绿色的版本，是托朋友用100元买下的~~~~``其实这里所说的没有片头片尾没有说清楚……原来50集的内容情节一点都没有少，第一集和最后一集很完整，因为这里的碟是77分钟一张的，而原来的50集是50分钟一集的，出版碟子的人将50集压缩在40张碟里了，所少的只是其中38张碟最末尾的片尾曲下集预告而已，朋友们可以放心购买……
</review>
<review>
太好了！！！
</review>
<review>
非常有意思的科普节目。演员表演的非常搞笑，尤其是那只大老鼠莱斯特。实在是不可多得的好东东！！！！！
</review>
<review>
That`s it~!
</review>
<review>
我记得小时候看《盲女与狐狸》，很感人，禁不住要流泪。
</review>
<review>
喜欢笔笔的表演，太棒了。
</review>
<review>
我在网上听了，超好听！！
值得购买！！！！
</review>
<review>
还是喜欢有点冲击力的歌！
</review>
<review>
不错，不错~~~~~~看了很多遍！
</review>
<review>
人民艺术家，真正的相声泰斗！
</review>
<review>
雅思想考高分的很值得一买哦~
</review>
<review>
唐人诗意的意境还是不错的，想想宋人词意应该比较相仿吧，和《云水吟》的味道就不太相同了，但不会是冒牌的，即使称不上绝品，亦可算得上妙品，感谢卓越进了这些好东西。
</review>
<review>
CSSDIV技术真的很好，我也很喜欢，不过看了这么多书以后，我还说感觉书配合一些视频教程，效果会更好很多，我有一些学习资料和经验愿意和大家分享，有兴趣加我QQ441319694
</review>
<review>
单田芳的评书我从小就听，如《大明英烈传》就相当不错，好与不好，那只是个人喜好罢了，《童林传》也不错。
</review>
<review>
丝路 太好听了。。。。。
静茹加油啊 把那些垃圾唱片从榜上打下去
</review>
<review>
很实用~~不错~
</review>
<review>
中国的说唱就得像中国人唱的，功夫做到了。你是我心目中最尊敬的说唱乐队！希望能再带给我们些力量！
</review>
<review>
希望所有百合都能看下，真的很好看
</review>
<review>
学到了以前好多不知道的知识！！真是经典呀
</review>
<review>
韩庚最帅了~~~！！！！！！
</review>
<review>
“之江，我虽然是麻醉医生，但却不能替你麻醉，要是你疼，你就哭几声···”当钱之江为送出密电而不得已自杀，他的妻子罗雪面对自己的丈夫，手拿剪刀准备取出佛珠喃喃自语时，我也流泪了。所有的演员都很到位，即使是配角，也把人物刻画得入木三分。我喜欢。
</review>
<review>
天籁之音!!!
</review>
<review>
哦，知道了，是德国的，音质不错，香港要卖到160左右，值！
</review>
<review>
选曲都很优美，轻松舒畅
</review>
<review>
剧中的情节最好的是他们的配合
</review>
<review>
真得那么好听吗？楼上的？？？？？？
</review>
<review>
我喜欢！长的帅歌又好听，大家一定要买的
</review>
<review>
伴我快乐长大。每听必乐的良药。
总是为了听大师一个段子，苦等的日子过去了。
</review>
<review>
这张专辑太好了
</review>
<review>
要是能再多点舞蹈组合就更好了
</review>
<review>
可以更直接了解我们的首都，光看电视还不够过瘾，还可以看书，并且，在错过电视剧的时候，可以看书补充，实在是太好啦！很全的关于我们首都的书哦
</review>
<review>
支持KOBE  支持卓越
</review>
<review>
我非常想得到！！！！！！！！！！！
</review>
<review>
我原来刚学电脑的时候，就是用这套软件，很方便，现在给我老婆用，还不错，图文并茂，非常直观。很适合刚学电脑的人。
</review>
<review>
我试过了，真的不错，好产品应该让大家都知道。
</review>
<review>
听了下载的音乐，不错。六一有优惠，我就送给孩子一套
</review>
<review>
很棒啊。我买过了
</review>
<review>
只要你喜欢肖邦，就会喜欢这张十分经典的作品。还有，它可是由丹麦皇家交响演奏的，品质自然不在话下。选择它，没错！
</review>
<review>
好书。呵呵。继续努力
</review>
<review>
语言很朴实，也很优美，小说人物形象也很真实，像是我身边的人一样。
</review>
<review>
内容很具体，很清晰，言简意赅！
</review>
<review>
拿到就反复听，非常好
</review>
<review>
非常好看的书
</review>
<review>
单老的每部书都是经典
</review>
<review>
我比较喜欢单田芳老师说的评书，比较不错！
</review>
<review>
大隐隐于市！
好书已出版几十年！
杯空酒满！
</review>
<review>
做工小巧.方便实用.
</review>
<review>
我真的很想要!如果能再便宜一点的话，上下集我一起买！
</review>
<review>
无论是内容，解说，画面，都可以讲是无可挑替。就是架前稍贵了一点，等待降价。
</review>
<review>
不错，不错~~~~~~看了很多遍！喜欢杰伦~~~~~~~~！
</review>
<review>
上午下的单下午就到了,很快,这套DVD也很喜欢,希望卓越越来越好!!!
</review>
<review>
非常有趣，非常有启发性。看完后留给我以后的小宝贝看：）
</review>
<review>
作者在全文中的描写很不错，后宫女人之间的争斗与算计让人觉得可悲又钦佩，自己在阅读的时候感觉沉迷其中，这些高墙之中貌美如花的女人，是可爱的，可悲的，又是可怜的。
总之，非常喜欢，希望再上一些此类作品。
</review>
<review>
超女巡演最棒的一场!
</review>
<review>
里面有好多中国古代才子才女、英雄佳丽的爱情故事，丰富了诗词知识和历史知识，更像读小说一样去理解古诗词背后的沧海桑田，语言也很优美。
</review>
<review>
我喜欢马三立的相声，幽默、自嘲，哈哈。
我是听他的相声长大的。
</review>
<review>
喜欢。。。写出了很多人的真实处境
</review>
<review>
这本书的内容非常美，配着音乐，轻轻地读出声来，是一种享受～～
</review>
<review>
我每天都想听
</review>
<review>
跨界的演绎，无限的经典
</review>
<review>
宝宝很喜欢呢，能引起他的关注哦！
</review>
<review>
喜欢燕姿
</review>
<review>
儿子2岁，非常爱听！每天必听！！最喜欢里面小熊洗脸的故事！！
</review>
<review>
刚刚收到碟子，包装很精美，质量很好！

实在是物超所值！！！
</review>
<review>
太好了,卓越总算进这张演唱会的VCD版了,我盼了好久了,我看过一段这个演唱会,可是不全,感觉很不错的.
</review>
<review>
我肯定要买的，我喜欢（赵振铎、赵世忠）的八扇屏，绝对经典！
</review>
<review>
等到现在了，终于上架了，买了买了！~呵呵
</review>
<review>
女孩的钟爱，非常好看的片子。
</review>
<review>
我爱三宝的音乐，我爱三宝的气质，我爱三宝的语言，我爱三宝的神态，我爱三宝的性格，我爱三宝的一点一滴，因为他完美！
</review>
<review>
连续听了n天了，一个字 陶醉！
</review>
<review>
不错，看过的都说好！
</review>
<review>
大家注意听第8首山秀谷2分51秒有个小人儿喊：师父~~~~ 孙悟空呢，可爱的不得了！
</review>
<review>
我2002年4月买得，当时花费了180元，现在的价格真是很好。
</review>
<review>
永远都支持JJ
</review>
<review>
刚买了一套，包装精美，画面清晰，非常值得购买．呵呵
</review>
<review>
传统反病毒技术落后于病毒技术的步伐已是不争的事实，它已经不适应当前反病毒的需求，因此，广大计算机用户迫切需要一种可以自动查杀未知病毒的反病毒软件。

这款软件是很好的杀毒软件
</review>
<review>
经典的TVB剧集,特别是看梁朝伟,刘嘉玲和曾华倩当年的对手戏,别有一番味道,真是戏如人生啊。
强烈要求卓越引进前部有周润发参演的《新扎师兄》
</review>
<review>
场景很真实，以前也玩过英文版的～
</review>
<review>
非常喜欢！
</review>
<review>
好听的不舍得关音响
</review>
<review>
最喜欢绿野仙踪^
</review>
<review>
买回去除非法语到了出神入化的境界，否则是看不懂的。但是故事情节很好，也亲眼见证了法国第一美女苏菲玛索。还有故事情节诙谐，带有法式幽默。
</review>
<review>
我从小听这个！现在找不到了！能找到这个真好！
</review>
<review>
正品没得说
</review>
<review>
这是一部经典，也是一个人的传奇。
</review>
<review>
值得收藏
</review>
<review>
葫芦兄弟百看不厌！记得我小的时候就很喜欢看，现在都是孩子妈妈了，孩子看我也总是跟着一起看。
</review>
<review>
看了前两部，挺有意思的，看完第三部也是这种感觉，哈哈
</review>
<review>
赞！超爱着张专辑
</review>
<review>
这张专辑非常好听，比起老狼过去的歌显得华丽许多，编曲配乐都非常棒！！强烈推荐！
</review>
<review>
支持花园们
</review>
<review>
喜欢美式摇滚和Punk的朋友可以收藏下,或者当入门也不错,当旅游的车内音乐就更不错了.绝对有飚车的冲动!
</review>
<review>
卓越的包装真的是很好．包装箱子美观大方，相信送礼都很有面子．里面还用了发泡膜．为顾客考虑得太周到了．
东西质量也很好．相信卓越的东西都是通过精心挑选的．
</review>
<review>
啊!!!他忒帅啊!!!爱死他拉!!!!!!!!
</review>
<review>
不错不错！
</review>
<review>
这部影片我推荐大家看一下,把人性的阴暗面描绘得细致无比,而且画面跟故事内容的结合是许多被吹捧为大师级的中国导演所远远不及的,三船敏郎的表演艺术得到了充分的发挥,他把一个强盗的那种凶残和自得表现得淋漓尽致!
</review>
<review>
内容不错!
</review>
<review>
经典 啊！！！
只不过思路上会和国内的有区别
不过很全面了
</review>
<review>
故事内容又好看，又有教育意义，强烈建议有小孩的家长买给小孩看。
</review>
<review>
单老的评书都很好，尤其是栾蒲包与丰泽园和铁伞怪侠，我最喜欢。
</review>
<review>
买回来了，小孩很喜欢。
大人听听也很好。不错。物有所值。
</review>
<review>
声音非常纯美！
</review>
<review>
实在不错
听听吧
</review>
<review>
这是场很棒的演出!
</review>
<review>
更喜欢她的歌
</review>
</reviews>
